1,Ephraim,Clemon,eclemon0@rakuten.co.jp,Male,204.67.117.234
2,Guilbert,Merricks,gmerricks1@cbslocal.com,Male,29.140.126.120
3,Elvyn,Grenkov,egrenkov2@sohu.com,Male,90.6.211.71
4,Randy,Scutter,rscutter3@xinhuanet.com,Female,165.158.204.231
5,Denny,Standen,dstanden4@phpbb.com,Male,51.66.203.67
6,Ricki,Boston,rboston5@ft.com,Female,49.43.242.27
7,Abra,Waplinton,awaplinton6@ucoz.com,Female,140.108.202.50
8,Dee,Heatlie,dheatlie7@pen.io,Female,69.181.205.199
9,Flint,Castellini,fcastellini8@mediafire.com,Male,217.28.213.179
10,Syman,Webley,swebley9@homestead.com,Male,195.254.13.69
11,Sanders,Carnelley,scarnelleya@nbcnews.com,Male,188.139.240.64
12,Gail,Goretti,ggorettib@wikia.com,Male,218.246.197.28
13,Nestor,Stainland,nstainlandc@yahoo.com,Male,91.67.128.102
14,Viva,Eckersall,veckersalld@businessweek.com,Female,107.150.216.221
15,Simone,Brocks,sbrockse@quantcast.com,Female,91.137.189.16
16,Missy,Coulman,mcoulmanf@guardian.co.uk,Female,17.83.24.156
17,Julio,Jayes,jjayesg@forbes.com,Male,201.211.200.72
18,Andy,White,awhiteh@surveymonkey.com,Female,36.139.188.150
19,Rosalynd,Dasent,rdasenti@bandcamp.com,Female,103.184.246.199
20,Opal,Napier,onapierj@unc.edu,Female,140.75.103.65
21,Carri,Burdin,cburdink@oakley.com,Polygender,17.159.185.75
22,Robby,Garrett,rgarrettl@seattletimes.com,Male,185.28.208.45
23,Nanci,Trunby,ntrunbym@nifty.com,Female,122.230.190.56
24,Christophorus,Stredder,cstreddern@webnode.com,Male,203.227.34.138
25,Oliver,Shortin,oshortino@columbia.edu,Male,230.98.39.57
26,Coleman,Grinley,cgrinleyp@jalbum.net,Male,222.58.58.37
27,Tedra,Sarfati,tsarfatiq@phoca.cz,Female,50.10.146.142
28,Boy,Burkwood,bburkwoodr@wordpress.com,Male,220.110.248.213
29,Harbert,Matisse,hmatisses@ifeng.com,Male,87.68.176.122
30,Ediva,MacAindreis,emacaindreist@geocities.jp,Female,35.18.230.83
31,Julie,Kleinpeltz,jkleinpeltzu@sciencedirect.com,Non-binary,163.59.189.249
32,Oran,De la Perrelle,odelaperrellev@latimes.com,Male,41.22.125.204
33,Montgomery,Margetson,mmargetsonw@statcounter.com,Male,11.104.98.148
34,Alia,Driussi,adriussix@clickbank.net,Female,105.6.28.145
35,Brad,Rummin,brumminy@cdc.gov,Male,91.15.162.177
36,Christy,Joscelin,cjoscelinz@prnewswire.com,Female,29.226.214.86
37,Avery,Gudgin,agudgin10@europa.eu,Male,235.235.146.134
38,Dani,Dalyiel,ddalyiel11@mac.com,Male,229.224.14.216
39,Deane,Mapledoore,dmapledoore12@i2i.jp,Female,61.132.91.160
40,Nancie,Caney,ncaney13@freewebs.com,Female,70.180.51.59
41,Aguistin,Andriolli,aandriolli14@joomla.org,Male,143.235.231.183
42,Donia,Breckin,dbreckin15@ucla.edu,Female,161.165.168.234
43,Murray,Koppe,mkoppe16@webs.com,Male,75.16.127.114
44,Anica,Poundford,apoundford17@businessweek.com,Female,205.61.20.14
45,Windham,Behnecken,wbehnecken18@bluehost.com,Male,50.121.66.238
46,Norrie,Ditty,nditty19@patch.com,Genderqueer,179.66.207.110
47,Morgen,Baudrey,mbaudrey1a@youku.com,Female,149.87.18.71
48,Rozella,Broek,rbroek1b@sakura.ne.jp,Female,160.159.134.16
49,Shoshanna,Harburtson,sharburtson1c@shop-pro.jp,Female,196.80.137.59
50,Kriste,Leversuch,kleversuch1d@cpanel.net,Female,215.17.153.32
